{
    "0": "FirstToken",
    "1": "EndOfFileToken",
    "2": "FirstTriviaToken",
    "3": "MultiLineCommentTrivia",
    "4": "NewLineTrivia",
    "5": "WhitespaceTrivia",
    "6": "ShebangTrivia",
    "7": "LastTriviaToken",
    "8": "FirstLiteralToken",
    "9": "StringLiteral",
    "10": "JsxText",
    "11": "JsxTextAllWhiteSpaces",
    "12": "RegularExpressionLiteral",
    "13": "FirstTemplateToken",
    "14": "TemplateHead",
    "15": "TemplateMiddle",
    "16": "LastTemplateToken",
    "17": "FirstPunctuation",
    "18": "CloseBraceToken",
    "19": "OpenParenToken",
    "20": "CloseParenToken",
    "21": "OpenBracketToken",
    "22": "CloseBracketToken",
    "23": "DotToken",
    "24": "DotDotDotToken",
    "25": "SemicolonToken",
    "26": "CommaToken",
    "27": "FirstBinaryOperator",
    "28": "LessThanSlashToken",
    "29": "GreaterThanToken",
    "30": "LessThanEqualsToken",
    "31": "GreaterThanEqualsToken",
    "32": "EqualsEqualsToken",
    "33": "ExclamationEqualsToken",
    "34": "EqualsEqualsEqualsToken",
    "35": "ExclamationEqualsEqualsToken",
    "36": "EqualsGreaterThanToken",
    "37": "PlusToken",
    "38": "MinusToken",
    "39": "AsteriskToken",
    "40": "AsteriskAsteriskToken",
    "41": "SlashToken",
    "42": "PercentToken",
    "43": "PlusPlusToken",
    "44": "MinusMinusToken",
    "45": "LessThanLessThanToken",
    "46": "GreaterThanGreaterThanToken",
    "47": "GreaterThanGreaterThanGreaterThanToken",
    "48": "AmpersandToken",
    "49": "BarToken",
    "50": "CaretToken",
    "51": "ExclamationToken",
    "52": "TildeToken",
    "53": "AmpersandAmpersandToken",
    "54": "BarBarToken",
    "55": "QuestionToken",
    "56": "ColonToken",
    "57": "AtToken",
    "58": "FirstAssignment",
    "59": "FirstCompoundAssignment",
    "60": "MinusEqualsToken",
    "61": "AsteriskEqualsToken",
    "62": "AsteriskAsteriskEqualsToken",
    "63": "SlashEqualsToken",
    "64": "PercentEqualsToken",
    "65": "LessThanLessThanEqualsToken",
    "66": "GreaterThanGreaterThanEqualsToken",
    "67": "GreaterThanGreaterThanGreaterThanEqualsToken",
    "68": "AmpersandEqualsToken",
    "69": "BarEqualsToken",
    "70": "LastBinaryOperator",
    "71": "Identifier",
    "72": "FirstKeyword",
    "73": "CaseKeyword",
    "74": "CatchKeyword",
    "75": "ClassKeyword",
    "76": "ConstKeyword",
    "77": "ContinueKeyword",
    "78": "DebuggerKeyword",
    "79": "DefaultKeyword",
    "80": "DeleteKeyword",
    "81": "DoKeyword",
    "82": "ElseKeyword",
    "83": "EnumKeyword",
    "84": "ExportKeyword",
    "85": "ExtendsKeyword",
    "86": "FalseKeyword",
    "87": "FinallyKeyword",
    "88": "ForKeyword",
    "89": "FunctionKeyword",
    "90": "IfKeyword",
    "91": "ImportKeyword",
    "92": "InKeyword",
    "93": "InstanceOfKeyword",
    "94": "NewKeyword",
    "95": "NullKeyword",
    "96": "ReturnKeyword",
    "97": "SuperKeyword",
    "98": "SwitchKeyword",
    "99": "ThisKeyword",
    "100": "ThrowKeyword",
    "101": "TrueKeyword",
    "102": "TryKeyword",
    "103": "TypeOfKeyword",
    "104": "VarKeyword",
    "105": "VoidKeyword",
    "106": "WhileKeyword",
    "107": "LastReservedWord",
    "108": "FirstFutureReservedWord",
    "109": "InterfaceKeyword",
    "110": "LetKeyword",
    "111": "PackageKeyword",
    "112": "PrivateKeyword",
    "113": "ProtectedKeyword",
    "114": "PublicKeyword",
    "115": "StaticKeyword",
    "116": "LastFutureReservedWord",
    "117": "FirstContextualKeyword",
    "118": "AsKeyword",
    "119": "AnyKeyword",
    "120": "AsyncKeyword",
    "121": "AwaitKeyword",
    "122": "BooleanKeyword",
    "123": "ConstructorKeyword",
    "124": "DeclareKeyword",
    "125": "GetKeyword",
    "126": "IsKeyword",
    "127": "KeyOfKeyword",
    "128": "ModuleKeyword",
    "129": "NamespaceKeyword",
    "130": "NeverKeyword",
    "131": "ReadonlyKeyword",
    "132": "RequireKeyword",
    "133": "NumberKeyword",
    "134": "ObjectKeyword",
    "135": "SetKeyword",
    "136": "StringKeyword",
    "137": "SymbolKeyword",
    "138": "TypeKeyword",
    "139": "UndefinedKeyword",
    "140": "UniqueKeyword",
    "141": "FromKeyword",
    "142": "GlobalKeyword",
    "143": "LastContextualKeyword",
    "144": "FirstNode",
    "145": "ComputedPropertyName",
    "146": "TypeParameter",
    "147": "Parameter",
    "148": "Decorator",
    "149": "PropertySignature",
    "150": "PropertyDeclaration",
    "151": "MethodSignature",
    "152": "MethodDeclaration",
    "153": "Constructor",
    "154": "GetAccessor",
    "155": "SetAccessor",
    "156": "CallSignature",
    "157": "ConstructSignature",
    "158": "IndexSignature",
    "159": "FirstTypeNode",
    "160": "TypeReference",
    "161": "FunctionType",
    "162": "ConstructorType",
    "163": "TypeQuery",
    "164": "TypeLiteral",
    "165": "ArrayType",
    "166": "TupleType",
    "167": "UnionType",
    "168": "IntersectionType",
    "169": "ParenthesizedType",
    "170": "ThisType",
    "171": "TypeOperator",
    "172": "IndexedAccessType",
    "173": "MappedType",
    "174": "LastTypeNode",
    "175": "ObjectBindingPattern",
    "176": "ArrayBindingPattern",
    "177": "BindingElement",
    "178": "ArrayLiteralExpression",
    "179": "ObjectLiteralExpression",
    "180": "PropertyAccessExpression",
    "181": "ElementAccessExpression",
    "182": "CallExpression",
    "183": "NewExpression",
    "184": "TaggedTemplateExpression",
    "185": "TypeAssertionExpression",
    "186": "ParenthesizedExpression",
    "187": "FunctionExpression",
    "188": "ArrowFunction",
    "189": "DeleteExpression",
    "190": "TypeOfExpression",
    "191": "VoidExpression",
    "192": "AwaitExpression",
    "193": "PrefixUnaryExpression",
    "194": "PostfixUnaryExpression",
    "195": "BinaryExpression",
    "196": "ConditionalExpression",
    "197": "TemplateExpression",
    "198": "YieldExpression",
    "199": "SpreadElement",
    "200": "ClassExpression",
    "201": "OmittedExpression",
    "202": "ExpressionWithTypeArguments",
    "203": "AsExpression",
    "204": "NonNullExpression",
    "205": "MetaProperty",
    "206": "TemplateSpan",
    "207": "SemicolonClassElement",
    "208": "Block",
    "209": "VariableStatement",
    "210": "EmptyStatement",
    "211": "ExpressionStatement",
    "212": "IfStatement",
    "213": "DoStatement",
    "214": "WhileStatement",
    "215": "ForStatement",
    "216": "ForInStatement",
    "217": "ForOfStatement",
    "218": "ContinueStatement",
    "219": "BreakStatement",
    "220": "ReturnStatement",
    "221": "WithStatement",
    "222": "SwitchStatement",
    "223": "LabeledStatement",
    "224": "ThrowStatement",
    "225": "TryStatement",
    "226": "DebuggerStatement",
    "227": "VariableDeclaration",
    "228": "VariableDeclarationList",
    "229": "FunctionDeclaration",
    "230": "ClassDeclaration",
    "231": "InterfaceDeclaration",
    "232": "TypeAliasDeclaration",
    "233": "EnumDeclaration",
    "234": "ModuleDeclaration",
    "235": "ModuleBlock",
    "236": "CaseBlock",
    "237": "NamespaceExportDeclaration",
    "238": "ImportEqualsDeclaration",
    "239": "ImportDeclaration",
    "240": "ImportClause",
    "241": "NamespaceImport",
    "242": "NamedImports",
    "243": "ImportSpecifier",
    "244": "ExportAssignment",
    "245": "ExportDeclaration",
    "246": "NamedExports",
    "247": "ExportSpecifier",
    "248": "MissingDeclaration",
    "249": "ExternalModuleReference",
    "250": "JsxElement",
    "251": "JsxSelfClosingElement",
    "252": "JsxOpeningElement",
    "253": "JsxClosingElement",
    "254": "JsxFragment",
    "255": "JsxOpeningFragment",
    "256": "JsxClosingFragment",
    "257": "JsxAttribute",
    "258": "JsxAttributes",
    "259": "JsxSpreadAttribute",
    "260": "JsxExpression",
    "261": "CaseClause",
    "262": "DefaultClause",
    "263": "HeritageClause",
    "264": "CatchClause",
    "265": "PropertyAssignment",
    "266": "ShorthandPropertyAssignment",
    "267": "SpreadAssignment",
    "268": "EnumMember",
    "269": "SourceFile",
    "270": "Bundle",
    "271": "FirstJSDocNode",
    "272": "JSDocAllType",
    "273": "JSDocUnknownType",
    "274": "JSDocNullableType",
    "275": "JSDocNonNullableType",
    "276": "JSDocOptionalType",
    "277": "JSDocFunctionType",
    "278": "JSDocVariadicType",
    "279": "JSDocComment",
    "280": "JSDocTypeLiteral",
    "281": "FirstJSDocTagNode",
    "282": "JSDocAugmentsTag",
    "283": "JSDocClassTag",
    "284": "JSDocParameterTag",
    "285": "JSDocReturnTag",
    "286": "JSDocTypeTag",
    "287": "JSDocTemplateTag",
    "288": "JSDocTypedefTag",
    "289": "LastJSDocTagNode",
    "290": "SyntaxList",
    "291": "NotEmittedStatement",
    "292": "PartiallyEmittedExpression",
    "293": "CommaListExpression",
    "294": "MergeDeclarationMarker",
    "295": "EndOfDeclarationMarker",
    "296": "Count",
    "Unknown": 0,
    "EndOfFileToken": 1,
    "SingleLineCommentTrivia": 2,
    "MultiLineCommentTrivia": 3,
    "NewLineTrivia": 4,
    "WhitespaceTrivia": 5,
    "ShebangTrivia": 6,
    "ConflictMarkerTrivia": 7,
    "NumericLiteral": 8,
    "StringLiteral": 9,
    "JsxText": 10,
    "JsxTextAllWhiteSpaces": 11,
    "RegularExpressionLiteral": 12,
    "NoSubstitutionTemplateLiteral": 13,
    "TemplateHead": 14,
    "TemplateMiddle": 15,
    "TemplateTail": 16,
    "OpenBraceToken": 17,
    "CloseBraceToken": 18,
    "OpenParenToken": 19,
    "CloseParenToken": 20,
    "OpenBracketToken": 21,
    "CloseBracketToken": 22,
    "DotToken": 23,
    "DotDotDotToken": 24,
    "SemicolonToken": 25,
    "CommaToken": 26,
    "LessThanToken": 27,
    "LessThanSlashToken": 28,
    "GreaterThanToken": 29,
    "LessThanEqualsToken": 30,
    "GreaterThanEqualsToken": 31,
    "EqualsEqualsToken": 32,
    "ExclamationEqualsToken": 33,
    "EqualsEqualsEqualsToken": 34,
    "ExclamationEqualsEqualsToken": 35,
    "EqualsGreaterThanToken": 36,
    "PlusToken": 37,
    "MinusToken": 38,
    "AsteriskToken": 39,
    "AsteriskAsteriskToken": 40,
    "SlashToken": 41,
    "PercentToken": 42,
    "PlusPlusToken": 43,
    "MinusMinusToken": 44,
    "LessThanLessThanToken": 45,
    "GreaterThanGreaterThanToken": 46,
    "GreaterThanGreaterThanGreaterThanToken": 47,
    "AmpersandToken": 48,
    "BarToken": 49,
    "CaretToken": 50,
    "ExclamationToken": 51,
    "TildeToken": 52,
    "AmpersandAmpersandToken": 53,
    "BarBarToken": 54,
    "QuestionToken": 55,
    "ColonToken": 56,
    "AtToken": 57,
    "EqualsToken": 58,
    "PlusEqualsToken": 59,
    "MinusEqualsToken": 60,
    "AsteriskEqualsToken": 61,
    "AsteriskAsteriskEqualsToken": 62,
    "SlashEqualsToken": 63,
    "PercentEqualsToken": 64,
    "LessThanLessThanEqualsToken": 65,
    "GreaterThanGreaterThanEqualsToken": 66,
    "GreaterThanGreaterThanGreaterThanEqualsToken": 67,
    "AmpersandEqualsToken": 68,
    "BarEqualsToken": 69,
    "CaretEqualsToken": 70,
    "Identifier": 71,
    "BreakKeyword": 72,
    "CaseKeyword": 73,
    "CatchKeyword": 74,
    "ClassKeyword": 75,
    "ConstKeyword": 76,
    "ContinueKeyword": 77,
    "DebuggerKeyword": 78,
    "DefaultKeyword": 79,
    "DeleteKeyword": 80,
    "DoKeyword": 81,
    "ElseKeyword": 82,
    "EnumKeyword": 83,
    "ExportKeyword": 84,
    "ExtendsKeyword": 85,
    "FalseKeyword": 86,
    "FinallyKeyword": 87,
    "ForKeyword": 88,
    "FunctionKeyword": 89,
    "IfKeyword": 90,
    "ImportKeyword": 91,
    "InKeyword": 92,
    "InstanceOfKeyword": 93,
    "NewKeyword": 94,
    "NullKeyword": 95,
    "ReturnKeyword": 96,
    "SuperKeyword": 97,
    "SwitchKeyword": 98,
    "ThisKeyword": 99,
    "ThrowKeyword": 100,
    "TrueKeyword": 101,
    "TryKeyword": 102,
    "TypeOfKeyword": 103,
    "VarKeyword": 104,
    "VoidKeyword": 105,
    "WhileKeyword": 106,
    "WithKeyword": 107,
    "ImplementsKeyword": 108,
    "InterfaceKeyword": 109,
    "LetKeyword": 110,
    "PackageKeyword": 111,
    "PrivateKeyword": 112,
    "ProtectedKeyword": 113,
    "PublicKeyword": 114,
    "StaticKeyword": 115,
    "YieldKeyword": 116,
    "AbstractKeyword": 117,
    "AsKeyword": 118,
    "AnyKeyword": 119,
    "AsyncKeyword": 120,
    "AwaitKeyword": 121,
    "BooleanKeyword": 122,
    "ConstructorKeyword": 123,
    "DeclareKeyword": 124,
    "GetKeyword": 125,
    "IsKeyword": 126,
    "KeyOfKeyword": 127,
    "ModuleKeyword": 128,
    "NamespaceKeyword": 129,
    "NeverKeyword": 130,
    "ReadonlyKeyword": 131,
    "RequireKeyword": 132,
    "NumberKeyword": 133,
    "ObjectKeyword": 134,
    "SetKeyword": 135,
    "StringKeyword": 136,
    "SymbolKeyword": 137,
    "TypeKeyword": 138,
    "UndefinedKeyword": 139,
    "UniqueKeyword": 140,
    "FromKeyword": 141,
    "GlobalKeyword": 142,
    "OfKeyword": 143,
    "QualifiedName": 144,
    "ComputedPropertyName": 145,
    "TypeParameter": 146,
    "Parameter": 147,
    "Decorator": 148,
    "PropertySignature": 149,
    "PropertyDeclaration": 150,
    "MethodSignature": 151,
    "MethodDeclaration": 152,
    "Constructor": 153,
    "GetAccessor": 154,
    "SetAccessor": 155,
    "CallSignature": 156,
    "ConstructSignature": 157,
    "IndexSignature": 158,
    "TypePredicate": 159,
    "TypeReference": 160,
    "FunctionType": 161,
    "ConstructorType": 162,
    "TypeQuery": 163,
    "TypeLiteral": 164,
    "ArrayType": 165,
    "TupleType": 166,
    "UnionType": 167,
    "IntersectionType": 168,
    "ParenthesizedType": 169,
    "ThisType": 170,
    "TypeOperator": 171,
    "IndexedAccessType": 172,
    "MappedType": 173,
    "LiteralType": 174,
    "ObjectBindingPattern": 175,
    "ArrayBindingPattern": 176,
    "BindingElement": 177,
    "ArrayLiteralExpression": 178,
    "ObjectLiteralExpression": 179,
    "PropertyAccessExpression": 180,
    "ElementAccessExpression": 181,
    "CallExpression": 182,
    "NewExpression": 183,
    "TaggedTemplateExpression": 184,
    "TypeAssertionExpression": 185,
    "ParenthesizedExpression": 186,
    "FunctionExpression": 187,
    "ArrowFunction": 188,
    "DeleteExpression": 189,
    "TypeOfExpression": 190,
    "VoidExpression": 191,
    "AwaitExpression": 192,
    "PrefixUnaryExpression": 193,
    "PostfixUnaryExpression": 194,
    "BinaryExpression": 195,
    "ConditionalExpression": 196,
    "TemplateExpression": 197,
    "YieldExpression": 198,
    "SpreadElement": 199,
    "ClassExpression": 200,
    "OmittedExpression": 201,
    "ExpressionWithTypeArguments": 202,
    "AsExpression": 203,
    "NonNullExpression": 204,
    "MetaProperty": 205,
    "TemplateSpan": 206,
    "SemicolonClassElement": 207,
    "Block": 208,
    "VariableStatement": 209,
    "EmptyStatement": 210,
    "ExpressionStatement": 211,
    "IfStatement": 212,
    "DoStatement": 213,
    "WhileStatement": 214,
    "ForStatement": 215,
    "ForInStatement": 216,
    "ForOfStatement": 217,
    "ContinueStatement": 218,
    "BreakStatement": 219,
    "ReturnStatement": 220,
    "WithStatement": 221,
    "SwitchStatement": 222,
    "LabeledStatement": 223,
    "ThrowStatement": 224,
    "TryStatement": 225,
    "DebuggerStatement": 226,
    "VariableDeclaration": 227,
    "VariableDeclarationList": 228,
    "FunctionDeclaration": 229,
    "ClassDeclaration": 230,
    "InterfaceDeclaration": 231,
    "TypeAliasDeclaration": 232,
    "EnumDeclaration": 233,
    "ModuleDeclaration": 234,
    "ModuleBlock": 235,
    "CaseBlock": 236,
    "NamespaceExportDeclaration": 237,
    "ImportEqualsDeclaration": 238,
    "ImportDeclaration": 239,
    "ImportClause": 240,
    "NamespaceImport": 241,
    "NamedImports": 242,
    "ImportSpecifier": 243,
    "ExportAssignment": 244,
    "ExportDeclaration": 245,
    "NamedExports": 246,
    "ExportSpecifier": 247,
    "MissingDeclaration": 248,
    "ExternalModuleReference": 249,
    "JsxElement": 250,
    "JsxSelfClosingElement": 251,
    "JsxOpeningElement": 252,
    "JsxClosingElement": 253,
    "JsxFragment": 254,
    "JsxOpeningFragment": 255,
    "JsxClosingFragment": 256,
    "JsxAttribute": 257,
    "JsxAttributes": 258,
    "JsxSpreadAttribute": 259,
    "JsxExpression": 260,
    "CaseClause": 261,
    "DefaultClause": 262,
    "HeritageClause": 263,
    "CatchClause": 264,
    "PropertyAssignment": 265,
    "ShorthandPropertyAssignment": 266,
    "SpreadAssignment": 267,
    "EnumMember": 268,
    "SourceFile": 269,
    "Bundle": 270,
    "JSDocTypeExpression": 271,
    "JSDocAllType": 272,
    "JSDocUnknownType": 273,
    "JSDocNullableType": 274,
    "JSDocNonNullableType": 275,
    "JSDocOptionalType": 276,
    "JSDocFunctionType": 277,
    "JSDocVariadicType": 278,
    "JSDocComment": 279,
    "JSDocTypeLiteral": 280,
    "JSDocTag": 281,
    "JSDocAugmentsTag": 282,
    "JSDocClassTag": 283,
    "JSDocParameterTag": 284,
    "JSDocReturnTag": 285,
    "JSDocTypeTag": 286,
    "JSDocTemplateTag": 287,
    "JSDocTypedefTag": 288,
    "JSDocPropertyTag": 289,
    "SyntaxList": 290,
    "NotEmittedStatement": 291,
    "PartiallyEmittedExpression": 292,
    "CommaListExpression": 293,
    "MergeDeclarationMarker": 294,
    "EndOfDeclarationMarker": 295,
    "Count": 296,
    "FirstAssignment": 58,
    "LastAssignment": 70,
    "FirstCompoundAssignment": 59,
    "LastCompoundAssignment": 70,
    "FirstReservedWord": 72,
    "LastReservedWord": 107,
    "FirstKeyword": 72,
    "LastKeyword": 143,
    "FirstFutureReservedWord": 108,
    "LastFutureReservedWord": 116,
    "FirstTypeNode": 159,
    "LastTypeNode": 174,
    "FirstPunctuation": 17,
    "LastPunctuation": 70,
    "FirstToken": 0,
    "LastToken": 143,
    "FirstTriviaToken": 2,
    "LastTriviaToken": 7,
    "FirstLiteralToken": 8,
    "LastLiteralToken": 13,
    "FirstTemplateToken": 13,
    "LastTemplateToken": 16,
    "FirstBinaryOperator": 27,
    "LastBinaryOperator": 70,
    "FirstNode": 144,
    "FirstJSDocNode": 271,
    "LastJSDocNode": 289,
    "FirstJSDocTagNode": 281,
    "LastJSDocTagNode": 289,
    "FirstContextualKeyword": 117,
    "LastContextualKeyword": 143
}
